REGION,ISLAND.CODE,TOP_YMAX,BOTTOM_YMIN,LEFT_XMIN,RIGHT_XMAX,INCLUDED.ISLANDS
MHI,Hawaii,18.86922507,20.320299430000002,-154.756578,-156.11093200000002,
MHI,Kahoolawe,20.451113,20.658551,-156.480687,-156.760626,
MHI,Kauai,21.81980627,22.296836680000002,-159.232125,-159.84424460000002,
MHI,Lanai,20.68067,20.981595000000002,-156.75137909999998,-157.11158413,
MHI,Maui,20.528423999999998,21.08291926,-155.92422398,-156.75012403000002,
MHI,Molokai,20.98276629,21.265533,-156.65634599999998,-157.36422836,
MHI,Niihau,21.731434999999998,22.077732,-159.99816099999998,-160.300361,
MHI,Oahu,21.192593,21.75447876,-157.59937499999998,-158.34127328000002,
